Month,USA_CPI,AUT_CPI,CAN_CPI,SA_CPI,UK_CPI,SUI_CPI,FRA_CPI,GER_CPI,IL_CPI,ITA_CPI,PRC_CPI,RUS_CPI
202303,127.348,128.46,122.702,147.586,126.8,106.245,116.79,122.402,110.168,118.8,132.2932475,226.2851448
202302,126.928,127.812,122.07,146.101,126,106.082,115.78,121.453,109.741,119.3,132.6778209,226.2553009
202301,126.223,126.622,121.596,145.021,124.8,105.296,114.6,120.505,109.207,119.1,133.3187765,226.2714526
202212,125.222,125.541,120.964,145.156,125.3,104.666,114.16,119.345,108.887,119,132.2932475,226.3286811
202211,125.6,125.3,121.7,144.6,124.8,104.9,114.3,119.872,108.6,118.7,132.4214386,226.1657689
202210,125.7,125,121.5,144.1,124.3,104.9,113.9,119.661,108.5,118.1,132.6778209,226.3199078
202209,125.2,123.8,120.6,143.7,122.3,104.8,112.7,118.818,107.9,114.2,132.5496297,226.5003664
202208,125,121.8,120.6,143.5,121.8,105,113.4,116.709,107.7,113.9,132.1650563,225.6770326
202207,125,121.8,121,143.1,121.2,104.7,112.9,116.287,108,113,132.2932475,226.7823244
202206,125,120.6,120.8,140.8,120.5,104.8,112.5,115.76,106.8,112.5,131.6522918,227.0417424
202205,123.3,118.9,120,139.3,119.7,104.3,111.7,115.76,106.4,111.2,131.6522918,223.2070309
202204,122,118,118.4,138.4,119,103.6,111,114.706,105.7,110.3,131.9086741,230.0982
202203,121.3,117.6,117.6,137.6,116.5,103.2,110.5,113.968,104.9,110.4,131.3959095,227.8199962
202202,119.7,115.3,116,136.1,115.4,102.6,108.9,111.754,104.3,109.3,131.3959095,211.7028965
202201,118.6,113.9,114.8,135.3,114.6,101.9,108.1,110.911,103.6,108.3,130.6267628,209.2545965
202112,117.6,114,113.8,135,114.7,101.8,107.8,110.383,103.4,106.6,129.9858071,207.2032965
202111,117.3,113.3,113.9,134.2,114.1,101.9,107.6,110.173,103.1,106.2,130.3703805,205.5180966
202110,116.7,112.6,113.7,133.7,113.4,101.8,107.3,109.962,103.2,105.6,129.857616,203.5638966
202109,115.7,111.9,112.9,133.3,112.4,101.5,106.8,109.435,103.1,104.9,128.9602781,201.3290966
202108,115.4,111.4,112.7,133,112.1,101.5,107,109.118,102.9,105.1,128.9602781,200.1282967
202107,115.2,111.3,112.4,132.5,111.4,101.3,106.4,109.013,102.6,104.7,128.8320869,199.7886967
202106,114.6,110.9,111.7,131.1,111.4,101.4,106.3,108.486,102.2,104.2,128.4475135,199.1712967
202105,113.6,110.4,111.4,130.7,111,101.3,106.2,108.17,102.1,104.1,128.9602781,197.8063967
202104,112.7,110.1,110.9,130.6,110.4,101,105.9,107.959,101.7,104.1,129.0884692,196.3533967
202103,111.8,110.2,110.3,129.6,109.7,100.8,105.8,107.642,101.4,103.7,129.4730426,195.2210967
202102,111,109,109.7,128.8,109.4,100.5,105.1,107.115,100.8,103.4,130.1139982,193.9410968
202101,110.4,108.5,109.2,128,109.3,100.3,105.1,106.483,100.5,103.3,129.3448514,192.4400968
202012,109.9,109.3,108.6,127.5,109.4,100.2,105,105.217,100.6,102.6,128.1381755,191.1592968
202011,109.8,108.7,108.8,127.3,109.1,100.3,104.7,105.112,100.7,102.4,127.2187887,189.5856968
202010,109.9,108.6,108.6,127.3,109.2,100.6,104.5,105.323,100.9,102.5,128.0232393,188.2491969
202009,109.8,108.3,108.2,126.8,109.2,100.6,104.5,105.112,100.6,102.3,128.368035,187.4431969
202008,109.7,107.9,108.2,126.7,108.8,100.6,105.1,105.112,100.7,103,128.1381755,187.5744969
202007,109.3,108.1,108.4,126.5,109.2,100.6,105.2,105.112,100.7,102.7,126.4143381,187.6494969
202006,108.8,107.9,108.4,124.8,108.8,100.7,104.8,105.955,100.5,102.9,126.8740187,186.9949969
202005,108.2,107.4,107.5,124.2,108.6,100.7,104.7,105.85,100.6,102.8,126.8740187,186.5844969
202004,108.2,108,107.2,124.9,108.6,100.7,104.6,105.85,100.9,103,127.9083288,186.0820969
202003,108.9,108,107.9,125.7,108.6,101,104.6,105.745,101.2,102.9,129.0575751,184.5503969
202002,109.1,107.7,108.6,125.2,108.6,101,104.5,105.534,100.8,102.8,130.666502,183.5408969
202001,108.8,107.6,108.1,124,108.3,100.8,104.5,105.217,100.9,102.9,129.6321278,182.937197
201912,108.4,108.1,107.8,123.7,108.5,101.1,105,105.818,101.3,102.8,127.7934055,182.208397
201911,108.5,107.4,107.8,123.4,108.5,101,104.5,105.318,101.3,102.6,127.7934055,181.554797
201910,108.6,107.2,107.9,123.3,108.3,101.2,104.5,106.118,101.7,102.8,127.3337121,181.047797
201909,108.3,107,107.6,123.3,108.4,101.4,104.5,106.018,101.3,102.9,126.1844914,180.812797
201908,108.2,106.5,108.1,122.9,108.3,101.5,104.9,106.018,101.5,103.5,125.1501941,181.102497
201907,108.3,106.4,108.2,122.6,108,101.5,104.4,106.218,101.3,103.1,124.2308073,181.538197
201906,108.1,106.8,107.7,122.2,107.9,102,104.6,105.718,101.6,103.1,123.7711267,181.175897
201905,108,106.7,107.9,121.8,107.9,102.1,104.3,105.418,102.2,103,123.88605,181.103397
201904,107.8,106.5,107.5,121.4,107.6,101.8,104.2,105.217,101.5,103,123.88605,180.489797
201903,107.3,106.4,107,120.7,107,101.6,103.9,104.217,101.2,102.8,123.7711267,179.967897
201902,106.6,105.5,106.3,119.8,106.8,101,103.1,103.817,100.7,102.5,124.2308073,179.393797
201901,106.2,105.5,105.6,118.8,106.4,100.6,103,103.417,100.6,102.4,122.9666761,178.607897
201812,106,106.3,105.4,119,107.1,100.9,103.5,104.217,100.7,102.3,122.3920593,176.8219971
201811,106.3,106.2,105.5,119.1,106.9,101.2,103.5,104.217,101,102.4,122.277136,175.3490971
201810,106.7,106,106,119,106.7,101.4,103.7,104.918,101.3,102.6,122.7368294,174.4766971
201809,106.5,105.7,105.6,118.4,106.6,101.2,103.6,104.717,101,102.6,122.5069827,173.8681971
201808,106.4,104.9,106,117.7,106.5,101.2,103.8,104.517,100.9,103.1,121.7025321,173.5903971
201807,106.3,104.9,106.1,117.9,105.9,101.2,103.3,104.417,100.8,102.7,120.8980814,173.5730971
201806,106.3,105.1,105.6,116.9,105.9,101.4,103.4,104.017,100.8,102.4,120.5533114,173.1056971
201805,106.1,104.9,105.4,116.7,105.9,101.4,103.4,103.917,100.7,102.2,120.5533114,172.2615971
201804,105.7,104.7,105.3,116.3,105.5,101,102.9,103.117,100.2,101.9,120.7831581,171.6094971
201803,105.3,104.5,105,115.6,105.1,100.8,102.8,102.917,99.8,101.8,121.012992,170.9597972
201802,105.1,103.9,104.7,115,104.9,100.5,101.7,102.317,99.5,101.5,122.3920593,170.4654972
201801,104.6,103.6,104.1,114.4,104.5,100.1,101.8,102.017,99.4,101.5,120.8980814,170.1082972
201712,104,104.3,103.3,113.8,105,100.2,101.8,102.617,99.9,101.2,120.093618,169.5825972
201711,104.1,103.9,103.7,113.3,104.7,100.2,101.5,102.117,99.8,100.8,119.7488608,168.8732972
201710,104.1,103.7,103.4,113.3,104.4,100.3,101.4,102.517,100.1,101,119.7488608,168.5025972
201709,104.1,103.6,103.3,112.9,104.3,100.3,101.3,102.717,99.8,101.2,119.6339246,168.1662972
201708,103.6,102.6,103.1,112.3,104,100,101.5,102.617,99.7,101.5,118.9443973,168.4188972
201707,103.3,102.7,103,112.2,103.5,100,101,102.517,99.4,101.2,118.3697934,169.3332972
201706,103.3,103,103,112.1,103.5,100.3,101.3,102.117,99.5,101.1,118.4847039,169.2147972
201705,103.3,102.9,103.1,111.8,103.5,100.4,101.3,101.817,100.2,101.2,118.7145506,168.1888972
201704,103.2,102.8,103,111.5,103.2,100.2,101.3,101.817,99.8,101.4,118.5996273,167.5688972
201703,102.9,102.6,102.6,111.4,102.7,100,101.2,101.417,99.6,101,118.5996273,167.0176972
201702,102.8,102.1,102.5,110.9,102.4,99.8,100.5,101.217,99.3,101,118.9443973,166.8008972
201701,102.5,101.8,102.3,109.6,101.8,99.3,100.4,100.617,99.3,100.6,119.174244,166.4346972
201612,101.9,102.1,101.4,109,102.2,99.4,100.7,101.217,99.5,100.3,117.9101,165.4091972
201611,101.8,101.6,101.6,108.6,101.8,99.5,100.3,100.517,99.5,99.9,117.6802533,164.7501973
201610,102,101.5,102,108.2,101.6,99.7,100.4,101.217,99.9,100,117.5653428,164.0284973
201609,101.9,101.2,101.8,107.6,101.5,99.6,100.3,101.017,99.7,100.1,117.6802533,163.3261973
201608,101.6,100.5,101.7,107.5,101.2,99.5,100.6,101.017,99.8,100.3,116.8758027,163.0489973
201607,101.5,100.7,101.8,107.6,100.9,99.6,100.3,101.117,100.1,100.1,116.7608793,163.0326973
201606,101.7,101.1,102,106.7,101,100.1,100.6,100.717,99.7,99.9,116.5310326,162.1569973
201605,101.4,101,101.8,106.1,100.8,99.9,100.5,100.617,99.4,99.8,116.7608793,161.5752973
201604,100.9,100.7,101.4,106,100.6,99.8,100.1,100.117,99.1,99.5,117.2205599,160.9155973
201603,100.5,100.7,101.1,104.9,100.4,99.5,100,100.017,98.7,99.6,117.4504066,160.2106973
201602,100,99.9,100.4,104.1,100.1,99.2,99.3,99.3166,98.9,99.4,118.0250233,159.4770973
201601,100,99.8,100.2,102.6,99.9,99,99.1,99.0165,99.2,99.6,116.1862754,158.4786974
201512,99.8,100.7,99.9,101.8,100.4,99.4,100,99.7166,99.7,99.8,115.6116586,156.9716974
201511,100.1,100.3,100.4,101.5,100.3,99.8,99.8,99.7166,99.8,99.8,115.0370419,155.7722974
201510,100.3,100.2,100.5,101.4,100.3,99.9,100,100.417,100.2,100.2,115.0370419,154.6126974
201509,100.4,100.3,100.4,101.1,100.2,99.8,100,100.417,100.1,100,115.4967353,153.4769974
201508,100.5,99.9,100.6,101.1,100.3,99.7,100.3,100.617,100.5,100.4,115.3818119,152.6070975
201507,100.7,100.1,100.6,101,100,99.8,100,100.617,100.7,100.2,114.8071952,152.0747975
201506,100.7,100.5,100.5,100.2,100.1,100.5,100.4,100.417,100.5,100.3,114.3475146,150.8678975
201505,100.3,100.4,100.3,99.7,100.1,100.4,100.5,100.417,100.2,100.1,114.3475146,150.5817975
201504,99.8,100.2,99.7,99.5,99.9,100.2,100.3,100.217,100,100,114.5773613,150.0565975
201503,99.6,100,99.8,98.6,99.6,100.3,100.2,99.7166,99.4,99.8,114.8071952,149.3694975
201502,99,98.9,99.1,97.4,99.5,100,99.5,99.2165,99.1,99.7,115.4967353,147.5836975
201501,98.6,98.6,98.2,96.7,99.2,100.3,98.9,98.5164,99.8,99.3,114.1176679,144.3784976
201412,99.1,99.7,98.4,96.8,99.9,100.7,99.9,99.5426,100.7,99.7,113.7729107,139.0259977
201411,99.6,99.7,99.1,97,99.9,101.2,99.8,99.5426,100.7,99.7,113.3132173,135.4764977
201410,100.2,99.5,99.5,97,100.1,101.2,100,99.5426,100.9,99.9,113.6579745,133.7643978
201409,100.4,99.6,99.4,96.8,100,101.2,99.9,99.8225,100.6,99.8,113.6579745,132.6763978
201408,100.4,99,99.3,96.8,99.9,101.1,100.3,99.8225,100.9,100.2,113.0833706,131.8195978
201407,100.5,99,99.3,96.5,99.6,101.1,99.9,99.8225,101,100,112.8535239,131.5039978
201406,100.6,99.5,99.5,95.7,99.8,101.5,100.2,99.5426,100.9,100.1,112.8535239,130.8626978
201405,100.4,99.4,99.4,95.5,99.6,101.6,100.2,99.2628,100.6,100,112.9684472,130.0563978
201404,100,99.1,98.9,95.2,99.6,101.3,100.2,99.356,100.5,100.1,112.8535239,128.8962979
201403,99.7,99,98.6,94.7,99.3,101.2,100.2,99.5426,100.4,99.9,113.3132173,127.7465979
201402,99.1,98,98.1,93.4,99.1,100.9,99.8,99.2628,100.1,99.8,113.8878212,126.4566979
201401,98.7,97.9,97.3,92.5,98.7,100.8,99.2,98.7963,100.3,99.9,113.3132173,125.5776979
201312,98.3,98.7,96.9,91.8,99.2,101,99.8,99.356,100.9,99.7,112.1913526,124.8410979
201311,98.3,98,97.2,91.7,98.8,101.3,99.5,98.9829,100.8,99.5,111.8557739,124.2076979
201310,98.5,98,97.2,91.5,98.8,101.3,99.5,98.7963,101.2,99.8,111.9681719,123.5159979
201309,98.8,98,97.4,91.3,98.7,101.3,99.6,98.9829,100.9,100,111.8558636,122.815898
201308,98.7,97.3,97.3,90.9,98.4,101,99.9,98.9829,100.9,100.3,110.9714217,122.558598
201307,98.6,97.2,97.3,90.6,98,101.1,99.4,98.9829,100.7,99.9,110.4159952,122.387198
201306,98.5,97.7,97.2,89.7,98,101.5,99.7,98.5164,100.4,99.8,110.3069173,121.391798
201305,98.3,97.7,97.2,89.4,98.2,101.4,99.5,98.4231,99.6,99.5,110.3069173,120.884098
201304,98.1,97.5,96.9,89.5,98,101.3,99.5,98.05,99.5,99.5,110.9715755,120.091498
201303,98.2,97.4,97.1,89.4,97.8,101.2,99.6,98.5164,99.1,99.5,110.7526251,119.482098
201302,98,96.6,96.9,88.3,97.5,101,98.9,98.05,98.9,99.3,111.7574769,119.077298
201301,97.2,96.3,95.8,87.5,97,100.7,98.6,97.4902,98.9,99.3,110.5419301,118.414198
201212,96.9,96.9,95.8,87.2,97.3,101,99.1,97.9567,99,99.1,109.4479342,117.276598
201211,97.1,96.7,96.3,87,97,101.2,98.8,97.6768,98.9,98.9,108.6484702,116.6466981
201210,97.6,96.6,96.5,86.7,96.8,101.5,98.9,97.5835,99.3,99.1,108.4674002,116.2513981
201209,97.6,96.4,96.4,86.1,96.4,101.4,98.8,97.5835,99.5,99.1,108.5808494,115.7190981
201208,97.2,95.6,96.2,85.5,96.1,101.1,99,97.4902,99.5,99.1,108.2485908,115.0860981
201207,96.7,95.3,96,85.1,95.7,101.1,98.3,97.117,98.5,98.7,107.5469623,114.9711981
201206,96.8,95.6,96.1,85.1,95.6,101.6,98.8,96.7439,98.4,98.6,107.4468194,113.5741981
201205,97,95.5,96.5,84.7,95.9,101.9,98.8,96.9305,98.7,98.4,108.0476512,112.5722981
201204,97.1,95.6,96.5,84.7,95.9,101.9,98.8,96.9305,98.7,98.4,108.3480543,111.9899981
201203,96.8,95.2,96.2,84.3,95.4,101.8,98.7,97.117,97.8,98,108.4481972,111.6438981
201202,96.1,94.3,95.8,83.3,95.2,101.3,97.9,96.5573,97.5,97.5,108.2479242,111.0000981
201201,95.6,93.8,95.4,82.9,94.7,101,97.5,95.9042,97.5,97.1,108.3480543,110.5908982
201112,95.2,94.3,95,82.5,95,101.4,97.8,95.9975,97.5,96.8,106.7458703,110.0406982
201111,95.4,94.1,95.5,82.2,94.7,101.6,97.4,95.811,97.5,96.5,106.4454544,109.5585982
201110,95.5,94,95.4,82.2,94.5,101.7,97.1,95.6244,97.6,96.6,106.6457402,109.1003982
201109,95.7,93.9,95.3,81.7,94.5,101.8,96.9,95.6244,97.5,96,106.5455973,108.5791982
201108,95.6,93.5,95,81.2,93.9,101.5,97,95.4378,97.7,96,106.0449083,108.6226982
201107,95.3,93.4,94.8,81.2,93.5,101.8,96.5,95.3445,97.2,95.7,105.7445052,108.8839982
201106,95.2,93.5,94.7,80.5,93.5,102.7,96.9,95.1579,97.5,95.4,105.2826582,108.8948982
201105,95.3,93.5,95.3,80.1,93.5,102.9,96.8,95.0646,97.1,95.3,104.9666158,108.6449982
201104,94.9,93.4,94.7,79.7,93.3,102.9,96.8,95.0646,96.6,95.3,104.8612684,108.1259982
201103,94.3,93,94.3,79.4,92.6,102.8,96.5,95.0646,96.1,94.8,104.7559209,107.6629982
201102,93.4,91.9,93.3,78.5,92.3,102.2,95.7,94.5049,95.9,94.4,104.9666158,106.9995982
201101,92.9,91.3,93.1,78,91.8,101.8,95.2,93.9451,95.6,94.1,103.6416323,106.1714982
201012,92.5,91.4,92.8,77.6,91.7,102.1,95.5,94.1317,95.5,93.8,102.6133087,103.7134983
201011,92.3,90.8,92.8,77.5,90.9,102.1,95,93.5719,95,93.4,102.1031977,102.6053983
201010,92.3,90.9,92.8,77.4,90.6,101.9,94.9,93.4787,95,93.4,100.9939086,101.7808983
201009,92.2,90.6,92.4,77.2,90.4,101.3,94.8,93.3854,94.7,93.2,100.2894727,101.2745983
201008,92.1,90.4,92.2,77.1,90.4,101.3,94.9,93.4787,94.4,93.4,99.69028168,100.4308983
201007,92,90.2,92.3,77.1,90,101.4,94.6,93.3854,94,93.2,99.09920519,99.88158834
201006,92,90.5,91.8,76.6,90.2,102.1,94.9,93.1988,93.5,92.9,98.70245364,99.52330834
201005,92.1,90.5,91.9,76.6,90.1,102.5,94.9,93.1988,93.2,92.9,99.30163181,99.13666835
201004,92,90.4,91.7,76.4,89.9,102.7,94.8,93.2921,92.8,92.8,99.39880069,98.64345836
201003,91.8,90.2,91.3,76.4,89.4,101.8,94.6,93.1988,92.1,92.5,99.19637407,98.35821836
201002,91.4,89.2,91.3,75.8,89,101.6,94.1,92.7323,92,92.2,99.90080998,97.74243837
201001,91.4,89,90.9,75.3,88.8,101.5,93.6,92.3592,92.2,92.2,98.71055532,96.90902838
200912,91.1,89.3,90.7,75.1,88.9,101.6,93.8,92.9189,92.8,92,98.1275677,95.34535841
200911,91.3,89.1,91,74.8,88.6,101.9,93.5,92.1726,92.8,91.8,97.1559302,94.95603842
200910,91.2,89,90.5,74.8,88.4,101.7,93.4,92.2658,92.6,91.8,96.86443638,94.68146842
200909,91.1,89,90.6,74.8,88.3,101,93.3,92.2658,92.4,91.8,96.95900298,94.68146842
200908,91.1,88.9,90.6,74.7,88.3,101,93.6,92.5457,92.7,92,96.57272464,94.70987842
200907,90.9,88.5,90.6,74.4,88,100.9,93.1,92.3592,92.2,91.7,96.09226428,94.70987842
200906,91,88.8,90.9,73.7,88.1,101.6,93.5,92.3592,91.3,91.7,96.09226428,94.11693843
200905,90.2,88.9,90.6,73.5,87.9,101.4,93.4,92.0793,90.5,91.6,96.57514746,93.55559844
200904,90,88.6,90,73.2,87.5,101.3,93.2,92.1726,90.1,91.4,96.86574393,93.02535845
200903,89.7,88.5,90.1,72.9,87.3,100.4,93.1,92.0793,89.2,91.2,97.05986376,92.38788846
200902,89.5,88.3,89.9,71.8,87.2,100.7,92.9,92.2658,88.8,91.2,97.35192162,91.19324848
200901,89.1,88,89.3,71.2,86.6,100.5,92.6,91.7061,88.9,91,97.35192162,89.7129885
200812,88.7,88.4,89.5,70.8,87.1,101.3,93,92.1726,89.4,91.1,96.48356771,87.63601854
200811,89.6,88.5,90.2,70.9,87.3,101.8,93.2,91.7994,89.4,91.2,96.6769184,87.03546855
200810,91.4,88.8,90.5,70.9,87.3,102.5,93.6,92.2658,89.9,91.6,97.45656404,86.31901856
200809,92.3,88.9,91.4,70.6,87.5,102,93.7,92.4524,89.9,91.6,97.74981407,85.54059857
200808,92.4,88.6,91.3,70.2,87.1,101.9,93.7,92.5457,89.9,91.8,97.74981407,84.86170859
200807,92.8,88.8,91.5,69.8,86.6,102.1,93.8,92.8256,89.1,91.7,97.84766236,84.55729859
200806,92.3,88.9,91.2,68.7,86.6,102.6,94,92.2658,88.1,91.2,97.74991662,84.1282486
200805,91.4,88.6,90.5,67.8,86.1,102.4,93.6,92.0793,88,90.8,97.94580549,83.32004861
200804,90.6,88.1,89.7,67.2,85.6,101.6,93.1,91.5195,87.4,90.4,98.33915998,82.21020863
200803,90.1,87.8,89,66.8,84.9,100.8,92.8,91.7061,86.2,90.2,98.24091429,81.05916865
200802,89.3,87.1,88.6,65.9,84.6,100.5,92.1,91.2396,85.8,89.7,98.93345406,80.09798867
200801,89.1,86.9,88.3,65.6,84.1,100.3,91.9,90.8665,86.1,89.5,96.42638165,79.14821868
200712,88.6,87.2,88.5,64.7,84.5,100.6,92,91.1463,86.1,89.1,95.28296803,77.36116871
200711,88.7,86.6,88.4,64.3,84.1,100.4,91.7,90.5866,85.5,88.8,94.33958386,76.49675873
200710,88.2,86.2,88.2,64.1,83.8,99.9,91.2,90.1201,85.3,88.5,93.68379649,75.56727874
200709,88,85.7,88.4,63.5,83.5,99.1,91,89.9335,85.2,88.2,93.4035835,74.34796876
200708,87.7,85.5,88.3,63.1,83.4,99,90.9,89.747,85.5,88.2,93.12420375,73.76522877
200707,87.9,85.6,88.5,62.7,83.1,99.1,90.5,89.8403,85,88.1,92.01997816,73.69889877
200706,87.9,85.6,88.4,62.2,83.5,99.7,90.7,89.3738,84.1,87.9,91.19918317,73.06324878
200705,87.7,85.5,88.6,61.7,83.3,99.6,90.6,89.3738,83.6,87.7,90.83583822,72.37567879
200704,87.2,85.2,88.2,61.5,83.1,99.3,90.4,89.3738,83.6,87.4,90.56413712,71.9225688
200703,86.6,84.8,87.8,60.9,82.8,98.2,90,88.9073,83.2,87.3,90.65479389,71.51492881
200702,85.9,84.4,87.1,60.5,82.4,98.1,89.6,88.7207,83,87.2,90.92758462,71.09546882
200701,85.4,84.2,86.4,60.6,82.1,98,89.4,88.3476,83.3,86.9,90.02731112,70.31496883
200612,85.1,84.2,86.4,60.2,82.6,98.6,89.7,88.3476,83.4,86.8,89.40149484,69.15319885
200611,85,83.9,86.3,59.9,82.2,98.6,89.5,87.6945,83.4,86.8,88.16715525,68.61116886
200610,85.1,83.8,86.1,59.9,82,98.7,89.4,87.6945,83.6,86.7,87.90344046,68.18162886
200609,85.6,83.9,86.3,59.6,81.9,98.3,89.6,87.6012,84,86.8,87.81562953,67.99124887
200608,86,84.1,86.8,59.5,81.8,98.5,89.8,87.8811,84.8,86.8,87.37874134,67.93010887
200607,85.9,83.8,86.6,59,81.5,98.4,89.5,88.0677,84.8,86.7,87.11738526,67.80128887
200606,85.6,83.9,86.5,58.6,81.5,99.1,89.7,87.6945,84.7,86.4,87.3795233,67.35003888
200605,85.4,83.8,86.7,58.2,81.3,99.1,89.7,87.508,84.6,86.4,87.81861639,67.16198888
200604,85,83.8,86.3,58,80.9,98.9,89.3,87.508,84.6,86.1,87.90652986,66.84115889
200603,84.3,83.3,85.8,57.9,80.4,98.1,88.9,87.2281,84,85.8,87.73106184,66.60801889
200602,83.8,83.1,85.3,57.7,80.2,98.2,88.6,87.2281,83.7,85.6,88.52780818,66.0662789
200601,83.7,82.9,85.5,57.6,80,97.9,88.3,86.8549,83.2,85.4,88.08736909,64.98748892
200512,83,82.9,85,57.4,80.3,98,88.4,87.1348,83.5,85.2,86.95694124,63.44575894
200511,83.4,82.6,85.1,57.3,80,98.1,88.3,86.4817,83.6,85.2,86.61049189,62.92972895
200510,84,82.9,85.3,57.4,80,98.4,88.5,86.7616,83.7,85.2,86.87110446,62.46747896
200509,83.9,82.8,85.6,57.3,79.9,97.6,88.5,86.6683,83.1,85,86.52500122,62.12577896
200508,82.9,82.6,84.9,57.2,79.7,97.1,88.1,86.575,83,85,85.92354125,61.97085897
200507,82.4,82.6,84.6,57.1,79.5,97,87.8,86.4817,82.8,84.8,85.75203434,62.05773897
200506,82.1,82.7,84.5,56.7,79.4,97.5,87.9,86.1086,82,84.5,85.75203434,61.77357897
200505,82,82.4,84.3,56.8,79.4,97.8,87.8,86.0153,81.9,84.5,86.44358704,61.38073898
200504,82.1,82.4,84.2,57,79.1,97.8,87.8,85.8287,81.6,84.2,86.61682453,60.89358899
200503,81.6,82.5,84,56.8,78.8,97.1,87.6,86.0153,81,84.1,86.87744992,60.219139
200502,80.9,82.1,83.5,56.5,78.5,96.8,87,85.6421,81.1,83.8,87.66645351,59.42286901
200501,80.5,81.9,83.2,56.4,78.3,96.6,86.5,85.2689,81,83.6,86.11635353,58.70084902
200412,80.3,81.8,83.3,56.3,78.6,97.1,87,85.922,81.6,83.6,85.60274295,57.20215905
200411,80.6,81.4,83.4,56.3,78.3,97.2,86.9,84.9891,81.5,83.4,85.51722664,56.55739906
200410,80.5,81.3,83.1,56,78.1,97.1,86.8,85.1757,81.6,83.3,85.7745447,55.93649907
200409,80.1,81,83,55.9,77.9,96.2,86.6,85.0824,81.6,83.3,85.7745447,55.30601908
200408,80,81,82.8,55.8,77.9,96.2,86.5,85.2689,81.7,83.3,84.84128763,55.06921908
200407,79.9,80.7,83,55.9,77.7,95.9,86.4,85.1757,81.6,83.1,84.25153151,54.83889909
200406,80,80.8,83,55.8,77.9,96.9,86.5,84.9891,81.7,83,84.42037205,54.33897909
200405,79.8,80.5,83,55.8,77.9,96.7,86.5,84.9891,81.7,82.9,85.01547374,53.9184191
200404,79.3,80.1,82.2,55.8,77.6,96.5,86.2,84.8025,81.4,82.7,85.10057983,53.52234911
200403,79.1,80.1,82.1,55.7,77.3,95.7,85.9,84.5226,80.4,82.5,84.67719016,52.99766912
200402,78.6,79.8,81.8,55.5,77.2,95.5,85.6,84.2427,80.5,82.2,84.42392294,52.60314912
200401,78.1,79.6,81.6,55.3,77,95.5,85.2,84.0562,80.3,82,84.5931096,52.08747913
200312,77.8,79.5,81.5,55,77.3,95.8,85.2,84.0562,80.5,81.9,83.6727101,51.19162915
200311,77.8,79.3,81.5,55.1,77.1,95.8,85.1,83.4031,80.7,81.8,83.17367484,50.63464916
200310,78.1,79.2,81.2,55.7,77.1,95.9,85,83.5897,80.8,81.6,82.35016219,50.15317916
200309,78.1,79.3,81.5,56.2,77,95.4,84.9,83.5897,80.8,81.6,81.61562701,49.65660917
200308,77.9,79.2,81.3,56.5,76.8,95.3,84.5,83.683,81.3,81.4,80.64784807,49.48834918
200307,77.6,79,81.1,56.4,76.6,95,84.3,83.683,81.1,81.2,80.08724261,49.69208917
200306,77.5,79,81,56.7,76.7,95.8,84.4,83.4964,81.7,81.1,80.48968585,49.34175918
200305,77.4,78.9,81,56.8,76.8,95.8,84.3,83.2165,82.2,81,81.46729705,48.95015918
200304,77.5,78.9,80.9,56.8,76.8,96,84.4,83.4031,82.6,80.8,82.0415805,48.56166919
200303,77.7,79,81.5,56.7,76.4,95.8,84.5,83.683,82.8,80.6,82.20599845,48.0713392
200302,77.3,78.7,81.2,56.4,76.1,95.4,84.2,83.5897,82.6,80.4,82.7022135,47.57182921
200301,76.7,78.7,80.6,56.4,75.9,95.3,83.6,83.1232,82.3,80.2,81.96453763,46.80884922
200212,76.3,78.5,79.9,56,76.3,95.2,83.4,83.1232,82.1,79.9,81.07273757,45.71176924
200211,76.5,78.3,80.2,55.9,76.1,95.3,83.3,82.3769,82.3,79.8,80.83023841,45.01847925
200210,76.5,78.4,80,55.2,76.1,95.4,83.3,82.6568,83,79.6,80.91115265,44.30516926
200209,76.4,78.2,79.7,54.4,76,94.9,83.1,82.7501,82.5,79.4,80.74965746,43.83611927
200208,76.2,78.2,79.7,53.9,75.8,94.8,83,82.7501,82.2,79.2,79.95015502,43.66147927
200207,76,78.1,79.4,53.7,75.6,94.8,82.8,82.8434,82.5,79.1,79.71101446,43.62221927
200206,75.9,78.1,78.9,52.8,75.8,95.3,82.8,82.7501,81.9,79,80.27292746,43.31037928
200205,75.9,78.1,78.8,52.4,75.8,95.4,82.8,82.7501,80.8,78.9,81.00195043,43.08204928
200204,75.9,77.8,78.6,52.1,75.6,95.3,82.7,82.6568,80,78.7,81.24568023,42.36605929
200203,75.4,77.5,78.1,51.2,75.2,94.5,82.4,82.7501,78.8,78.5,81.49015353,41.8802493
200202,75,77.4,77.6,50.7,75,94.5,82,82.5635,78.5,78.3,82.56348506,41.43277931
200201,74.7,77.3,77.1,50.1,74.8,94.5,81.9,82.2836,77.8,78.1,81.66516006,40.95766932
200112,74.6,77.1,77,49.3,75,94.4,81.6,82.1903,77,77.7,81.42090468,39.73000934
200111,74.8,76.9,76.8,49,74.9,94.4,81.5,81.444,77.1,77.7,81.33955459,39.10433935
200110,75,77,77.5,48.8,74.9,94.3,81.7,81.6305,77.5,77.5,81.50256243,38.57965936
200109,75.2,76.9,77.9,48.8,75,94.4,81.6,81.7238,77.5,77.4,81.25878136,38.16366936
200108,74.9,76.7,77.7,48.7,74.8,94.3,81.5,81.7238,77.3,77.4,80.53397588,37.93605937
200107,74.9,76.9,77.7,48.8,74.5,94.8,81.5,81.9104,77.1,77.4,80.45352313,37.93225937
200106,75.1,76.8,78,48.8,75,95,81.7,81.8171,76.7,77.3,80.85781232,37.76232937
200105,75,76.6,77.9,48.6,74.9,94.8,81.6,81.7238,76.5,77.1,81.8398974,37.16033938
200104,74.6,76.5,77.3,48.4,74.4,94.3,81.1,81.444,76.2,76.9,82.25114736,36.51044939
200103,74.3,76.1,76.7,48.2,73.9,94,80.7,81.0708,75.5,76.6,82.0869858,35.8683994
200102,74.2,76,76.5,47.9,73.7,93.9,80.3,81.0708,75.4,76.5,82.58247016,35.21343941
200101,73.9,75.7,76.1,47.7,73.5,94,80.1,80.6043,75.4,76.3,82.49996635,34.42846943
200012,73.4,75.6,76.4,47.1,74,94.1,80.5,80.8842,75.9,75.9,81.66590357,33.50375944
200011,73.5,75.4,76.3,47,74,94.1,80.5,80.2312,75.9,75.9,81.58430992,32.96316945
200010,73.4,75.2,76.1,46.9,73.8,93.7,80.3,80.1379,75.9,75.7,81.33988789,32.46962946
200009,73.3,75,75.9,46.8,73.8,93.8,80.4,80.2312,75.5,75.4,81.34013145,31.79867947
200008,72.9,74.8,75.6,46.5,73.3,93.3,80,80.0446,75.9,75.3,79.73661423,31.38439948
200007,72.9,74.8,75.7,46.4,73.3,93.6,79.9,80.2312,76.4,75.2,79.26456321,31.07981948
200006,72.7,74.8,75.5,45.9,73.6,93.5,80,79.858,76.2,75.1,79.74143422,30.53326949
200005,72.4,74.2,75,45.7,73.5,93.2,79.8,79.4848,75.9,74.9,80.4718801,29.7740395
200004,72.3,74.1,74.7,45.5,73.3,93.2,79.6,79.5781,75.4,74.6,80.95586572,29.26194951
200003,72.2,74.2,74.9,44.9,73,93.1,79.6,79.5781,75,74.5,81.43549283,29.00381952
200002,71.6,74,74.3,44.4,72.8,93.1,79.3,79.5781,75.3,74.3,82.58247016,28.81936952
200001,71.2,73.5,73.9,44.6,72.6,92.8,79.2,79.4848,75.5,74.1,81.52171419,28.52273952
199912,71,73.7,74,44.1,73.1,92.7,79.2,79.2983,75.9,73.9,80.45900971,27.87328954
199911,71,73.2,74,43.9,72.9,92.4,78.8,79.0184,75.9,73.9,80.53732167,27.52645954
199910,71,73.1,74,43.8,72.8,92.5,78.8,78.8318,76,73.7,81.33988789,27.19199955
199909,70.8,72.8,74,43.7,72.8,92.5,78.7,78.9251,75.5,73.5,81.34013145,26.82449955
199908,70.5,72.8,73.7,43.6,72.6,92.3,78.6,79.1117,75.3,73.3,79.49811463,26.43328956
199907,70.3,72.8,73.6,43.7,72.4,91.8,78.5,79.205,74.9,73.3,78.87020883,26.13017956
199906,70.1,72.8,73.4,43.7,72.7,91.8,78.7,78.8318,74.7,73.1,79.3447083,25.41351958
199905,70.1,72.9,73.2,43.5,72.8,91.7,78.7,78.7385,74.5,73.1,80.39147862,24.93721958
199904,70.1,72.8,73.1,43.5,72.6,91.9,78.7,78.7385,74.1,72.9,81.1994545,24.39562959
199903,69.6,72.8,72.7,43.4,72.3,91.8,78.5,78.3653,73.9,72.7,81.59869296,23.67817961
199902,69.4,72.8,72.4,43.4,71.9,91.7,78.2,78.3653,74.1,72.6,82.00841746,23.03548962
199901,69.3,72.6,72.3,43.4,71.8,91.4,78,78.272,74.6,72.5,81.68508097,22.12185963
199812,69.2,72.7,72.1,43.1,72,91.2,78.2,78.3653,75,72.4,81.27172866,20.41138966
199811,69.2,72.6,72.4,43.1,71.8,91.2,78.1,78.272,74.9,72.3,81.26874181,18.2881297
199810,69.2,72.5,72.4,43.1,71.7,91.3,78.2,78.272,74,72.3,81.83087274,17.30683971
199809,69,72.5,72.1,42.9,71.7,91.3,78.2,78.3653,71.8,72.1,81.99609829,16.55522972
199808,68.9,72.5,72.2,42.2,71.4,91.4,78.2,78.5519,70.8,72.1,80.54520543,11.9592798
199807,68.9,72.5,72.2,41.7,71.2,91.2,78.2,78.7385,70.5,72.1,79.99007373,11.53590981
199806,68.8,72.5,72.2,40.7,71.4,91.3,78.4,78.4586,70.6,72.1,81.04668913,11.51632981
199805,68.7,72.5,72.1,40.6,71.5,91.2,78.4,78.3653,70.3,72,82.19988373,11.50712981
199804,68.6,72.6,71.9,40.4,71.2,91.4,78.4,78.272,70,71.9,83.0260243,11.44987981
199803,68.4,72.5,72,40.2,70.8,91.3,78.2,78.1787,69.1,71.8,83.09438863,11.40652981
199802,68.3,72.4,71.9,40,70.6,91.4,78.1,78.272,69.2,71.6,83.08855593,11.33398981
199801,68.2,72.3,71.8,39.9,70.4,91.3,77.8,78.0855,69.3,71.4,82.67720341,11.23400981
199712,68.1,72.2,71.4,39.6,70.7,91.3,78,78.0855,69.1,71.2,82.09265185,11.06689982
199711,68.1,72,71.5,39.4,70.6,91.3,78,77.8989,69.3,71.2,82.25581352,10.96166982
199710,68.2,72,71.6,39.6,70.6,91.3,77.8,77.8989,69.5,70.9,82.74101695,10.89520982
199709,68,71.8,71.6,39.4,70.5,91.3,77.9,77.9922,68.6,70.7,83.24476964,10.87671982
199708,67.8,71.8,71.6,39.2,70.3,91.3,77.8,78.1787,68.6,70.7,81.68884979,10.90944982
199707,67.7,71.8,71.5,39.1,70,91.1,77.5,78.0855,68.3,70.6,81.12583434,10.92473982
199706,67.6,71.8,71.5,38.7,70.1,91.2,77.7,77.4324,67.6,70.6,82.11417514,10.82407982
199705,67.5,71.8,71.3,38.6,70,91.1,77.7,77.3391,66.8,70.6,83.03017769,10.70630982
199704,67.6,71.8,71.3,38.5,69.7,91.4,77.6,77.1525,66.5,70.4,83.27586881,10.60660982
199703,67.5,71.8,71.3,38.2,69.4,91.3,77.5,77.2458,66,70.3,82.51677221,10.50574982
199702,67.3,71.7,71.2,37.9,69.3,91.4,77.5,77.2458,65.4,70.1,83.17173915,10.35763983
199701,67.1,71.4,71,37.7,69.2,91.3,77.3,77.1525,64.7,70.1,82.42992272,10.20054983
199612,66.9,71.2,70.9,37.3,69.4,91,77.1,76.4995,64.5,69.9,81.76559782,9.967313834
199611,66.9,71.2,70.9,36.9,69.2,90.9,77,76.2196,64,69.8,81.36084714,9.827758836
199610,66.8,71.2,70.6,36.7,69.1,91.1,77,76.3129,63.6,69.5,81.51825303,9.646406839
199609,66.6,71.3,70.4,36.4,69,90.9,76.8,76.3129,63.1,69.5,81.77285343,9.532021841
199608,66.4,71.9,70.3,36.1,68.7,90.9,76.6,76.3129,62.8,69.4,80.1657084,9.500669842
199607,66.2,71.5,70.3,35.9,68.3,90.6,76.8,76.3129,62.6,69.3,78.99301593,9.520662841
199606,66.1,70.8,70.3,35.6,68.7,90.8,76.9,76.2196,62.4,69.4,79.87761165,9.452604842
199605,66.1,70.5,70.3,35.3,68.6,90.6,77,76.1263,62,69.3,80.76866821,9.343287844
199604,65.9,70.6,70.1,35,68.3,90.9,76.8,76.033,60.9,69,80.69366358,9.196149847
199603,65.7,70.6,69.9,34.8,67.9,90.8,76.8,76.033,60,68.7,79.34305464,9.00171285
199602,65.4,70.3,69.6,34.5,67.7,90.7,76.3,76.033,59.4,68.5,78.76111818,8.756529854
199601,65.1,70,69.5,34.5,67.4,90.5,76,75.5666,58.7,68.2,77.83750108,8.518853858
199512,64.8,69.6,69.4,34.1,67.5,90.3,75.9,75.38,58.2,67.9,76.41643829,8.182550864
199511,64.8,69.6,69.5,33.8,67.1,90.2,75.8,75.1001,57.6,67.8,76.10930516,7.928828868
199510,64.8,69.7,69.3,33.7,67.1,90.3,75.8,75.1001,57.2,67.5,76.18527122,7.583041874
199509,64.6,69.9,69.4,33.6,67.2,90.4,75.7,75.2867,56.6,67.2,76.13859683,7.241254879
199508,64.5,70.6,69.3,33.6,66.9,90.3,75.4,75.2867,55.9,67,74.15883864,6.932083884
199507,64.3,70.2,69.4,33.5,66.6,90,75,75.2867,55.3,66.8,72.93907439,6.62976589
199506,64.3,69.7,69.3,33.3,66.8,90.1,75.2,75.1001,55.2,66.7,73.55212283,6.291294895
199505,64.2,69.4,69.3,33.3,66.7,89.9,75.2,75.0068,55.1,66.3,74.1677351,5.898457902
199504,64.1,69.4,69.1,33.2,66.4,90.1,75.1,75.0068,54.5,65.9,73.55849393,5.465076909
199503,63.9,69.4,68.9,32.8,66,90,75,74.9135,54,65.6,72.26143043,5.038330916
199502,63.7,69.1,68.7,32.4,65.7,90,74.8,74.9135,54.1,65.1,72.05956785,4.624866923
199501,63.4,68.8,68.4,32.3,65.5,89.2,74.5,74.5404,54,64.6,71.4105618,4.165795931
199412,63.2,68.3,68.2,31.9,65.5,88.5,74.3,74.2605,53.9,64.3,69.40639601,3.537229941
199411,63.2,68.3,68.1,31.8,65.2,88.6,74.3,74.0739,53.5,64.2,68.44361652,3.037813949
199410,63.1,68.4,67.7,31.7,65.1,88.6,74.3,73.9806,52.8,63.9,67.96188707,2.650565956
199409,63,68.6,67.9,31.5,65.2,88.6,74.2,74.0739,52.1,63.6,67.26024573,2.304839962
199408,62.9,69.1,67.8,31.2,65.1,88.6,74,74.2605,51.5,63.4,64.76754354,2.134901964
199407,62.6,68.7,67.7,30.7,64.7,88.2,74,74.0739,50.9,63.3,62.50135509,2.040624966
199406,62.4,67.9,67.5,30.3,65.1,88.3,74,73.8873,50.4,63.1,62.22683378,1.937363968
199405,62.2,67.8,67.3,30.1,65.1,88.1,74,73.794,49.7,63,61.65231959,1.82770197
199404,62.2,67.7,67.5,29.9,64.9,88.7,73.8,73.6074,49.2,62.7,60.94324316,1.709569972
199403,62.1,67.7,67.5,29.7,64.4,88.6,73.6,73.5141,48.2,62.6,59.57248258,1.575785974
199402,61.9,67.5,67.5,29.5,64.2,88.6,73.5,73.4209,47.7,62.4,58.87220007,1.467075976
199401,61.7,67.1,68,29.4,64,88.3,73.3,72.8611,47.5,62.2,57.54275548,1.323836978
199312,61.5,66.6,68,29,64,88.2,73.2,72.4879,47.1,61.8,55.30389737,1.122846981
199311,61.5,66.5,68.2,28.9,63.8,88.1,73.2,72.3014,46.8,61.7,53.68126685,0.998086183
199310,61.5,66.4,67.9,28.9,64,88.2,73.1,72.2081,46.4,61.5,53.21995825,0.857462286
199309,61.2,66.5,67.7,28.7,64,88.1,73,72.2081,45.8,61.2,52.83601299,0.717541788
199308,61.1,67,67.7,28.6,63.7,88.2,72.8,72.3014,45.3,61.1,51.48453235,0.58336729
199307,60.9,66.8,67.6,28.4,63.4,87.7,72.8,72.3014,45,61,50.40431696,0.462989892
199306,60.9,66,67.5,28.2,63.6,87.8,72.7,71.9282,45,60.8,50.75598369,0.378259694
199305,60.8,65.8,67.5,28.1,63.6,87.8,72.8,71.7416,44.8,60.4,50.82630935,0.315479295
199304,60.8,65.7,67.3,28,63.4,87.8,72.7,71.6483,44.7,60.2,50.07660916,0.267128996
199303,60.6,65.7,67.3,27.2,63,87.5,72.6,71.4617,44.1,60,48.67033963,0.225045496
199302,60.4,65.5,67.4,26.9,62.7,87,72.2,71.2751,43.4,59.8,47.7858721,0.187381697
199301,60.2,65.1,67.2,26.8,62.4,86.5,71.9,70.7154,42.9,59.6,47.516722,0.150265997
199212,59.9,64.3,66.9,26.5,62.6,86,71.7,69.5026,42.4,59.2,46.92856438,0.119448398
199211,59.9,64.3,66.9,26.5,62.5,86.1,71.7,69.4093,41.9,59.1,45.87641467,0.095406038
199210,59.8,64.2,66.6,26.4,62.5,85.3,71.6,69.1294,41.7,58.7,45.69674665,0.075659029
199209,59.6,64.3,66.5,26.3,62.3,85.2,71.4,69.1294,41.5,58.4,45.5961218,0.061561459
199208,59.4,64.8,66.5,26.1,62.1,85.1,71.2,69.1294,40.9,58.3,44.43360346,0.055212069
199207,59.3,64.5,66.5,25.8,62,84.9,71.3,69.1294,40.5,58.2,43.58414235,0.050839839
199206,59.2,63.7,66.4,25.6,62.2,85.1,71.3,68.9428,40.3,58.1,44.31831535,0.045967309
199205,58.9,63.5,66.2,25.3,62.2,84.8,71.3,68.7562,40.2,57.9,44.31245918,0.038595559
199204,58.9,63.3,66.1,25.2,61.8,84.6,71.1,68.5697,40.4,57.6,44.1559437,0.034491109
199203,58.8,63.3,66.1,24.8,61.1,84.4,71,68.2898,39.6,57.4,43.40354323,0.0283411
199202,58.5,63.1,65.8,24.7,60.8,84.2,70.7,68.0099,39.1,57.2,43.46731178,0.02181763
199201,58.3,62.5,65.8,24.4,60.5,83.6,70.4,67.6367,38.7,56.9,43.07953037,0.01580987
199112,58.2,61.7,65.5,24.2,60.7,83.2,70.3,67.2636,38.7,56.5,43.13287167,0
199111,58.1,61.8,65.8,23.8,60.5,83.4,70.5,67.1703,38.6,56.3,42.39964387,0
199110,58,61.7,65.6,23.6,60.4,82.4,70.3,66.8904,38.5,56,42.35101636,0
199109,57.9,61.9,65.7,23.2,60.1,82.3,69.9,65.8642,38.3,55.7,42.41499702,0
199108,57.6,62.4,65.8,22.9,59.9,82.2,69.8,65.8642,37.7,55.5,41.99773484,0
199107,57.5,62,65.7,22.5,59.3,81.7,69.7,65.8642,37,55.3,41.42979311,0
199106,57.4,61.3,65.7,22.3,59.5,81.7,69.5,65.1179,35.9,55.1,42.28846885,0
199105,57.2,60.9,65.3,22.1,59.2,81.4,69.4,64.7447,35.2,54.8,42.32326569,0
199104,57,60.9,65,21.8,58.7,80.7,69.2,64.5581,34.7,54.6,41.2287056,0
199103,57,60.8,65,21.5,57.5,80.5,69,64.2782,33.9,54.4,41.21893944,0
199102,56.9,60.6,64.8,21.3,57.2,80.5,68.8,64.2782,33.5,54.1,41.27949837,0
199101,56.8,60.2,64.8,21,57,79.7,68.6,63.9984,33.3,53.7,40.83367808,0
199012,56.5,59.9,63.1,20.8,57,79.1,68.3,63.6069,32.9,53.4,41.27547528,0
199011,56.5,59.9,63.2,20.6,56.9,79.1,68.3,63.5417,32.8,53.2,40.6126857,0
199010,56.3,60.1,62.8,20.2,56.7,78.4,68.4,63.6722,32.4,52.9,40.41127515,0
199009,56,60,62.3,20.1,56.2,77.9,68.1,63.2155,31.8,52.5,40.5885139,0
199008,55.5,60.1,62.1,19.8,55.7,77.5,67.6,63.0198,31,52.2,40.0359722,0
199007,55,59.8,62,19.5,55.2,76.7,67.2,62.8241,30.5,51.9,39.57000297,0
199006,54.8,59.1,61.8,19.3,55.2,76.7,67.2,62.8241,30,51.7,40.50619622,0
199005,54.5,58.9,61.5,19.2,55,76.6,67.2,62.7588,29.8,51.5,40.85257306,0
199004,54.4,58.9,61.2,19,54.4,76.2,67.1,62.6284,29.3,51.3,40.69961066,0
199003,54.3,58.7,61.2,18.8,53.1,76,66.7,62.4979,28.6,51.1,40.56982228,0
199002,54,58.7,61,18.5,52.9,75.8,66.6,62.4979,28.3,50.9,40.54960547,0
199001,53.8,58.3,60.6,18.4,52.4,75.5,66.4,62.2369,28.1,50.5,39.95467522,0
198912,53.2,57.9,60.1,18.2,52.2,75.1,66.2,61.9107,27.8,50,39.57380181,0
198911,53.1,57.8,60.1,17.9,52.1,74.5,66.2,61.715,27.5,49.9,39.16363134,0
198910,53,57.9,60,17.7,51.9,73.7,66.1,61.5845,27.2,49.6,39.19619317,0
198909,52.7,57.9,59.7,17.6,51.5,73.4,65.8,61.3888,26.7,49.2,39.44461992,0
198908,52.6,58.3,59.7,17.4,51.1,73.1,65.6,61.3236,26.3,48.9,39.05948507,0
198907,52.5,58.1,59.6,17.2,51,72.8,65.5,61.3236,26,48.8,39.13946881,0
198906,52.4,57.4,59.2,17,51,73,65.3,61.3888,25.8,48.7,40.06547598,0
198905,52.2,57.2,58.9,16.8,50.9,72.9,65.2,61.3236,25.5,48.6,39.77855215,0
198904,51.9,57.1,58.3,16.6,50.5,72.8,65,61.2584,25.3,48.3,39.43760723,0
198903,51.6,56.9,58.2,16.4,50,72.4,64.6,60.8669,24.8,48.1,39.23580492,0
198902,51.3,56.9,57.8,16.1,49.7,72.3,64.4,60.8017,24.6,47.8,38.84061826,0
198901,51.1,56.6,57.4,16,49.5,71.9,64.2,60.606,24.2,47.4,38.30745467,0
198812,50.8,56.2,57.1,15.7,49.3,71.5,64,60.0841,23.2,47.1,37.12364147,0
198811,50.8,56.2,57.1,15.6,49.3,71.4,63.8,59.9536,23.1,46.9,36.46520609,0
198810,50.7,56.3,57,15.5,49,71.1,63.8,59.7579,22.7,46.6,36.0922589,0
198809,50.5,56.5,56.7,15.3,48.7,71,63.6,59.6927,22.1,46.3,35.37634073,0
198808,50.2,56.8,56.6,15.1,48.5,71,63.5,59.6274,21.7,46,33.87639642,0
198807,50,56.6,56.6,14.9,48.2,70.7,63.3,59.6927,21.5,45.8,32.78012463,0
198806,49.8,56,56.3,14.7,48.2,70.9,63.1,59.6927,21.5,45.8,32.6266091,0
198805,49.6,55.6,56.1,14.7,48,70.8,62.9,59.6274,21.5,45.6,31.84832038,0
198804,49.4,55.7,55.8,14.5,47.8,71,62.7,59.4969,21.2,45.4,31.15134852,0
198803,49.2,55.7,55.6,14.4,47.2,70.8,62.5,59.3665,20.6,45.3,30.87002747,0
198802,48.9,55.5,55.3,14.2,47,70.7,62.3,59.3665,20.3,45.1,30.2497027,0
198801,48.8,55.4,55.1,14.1,46.9,70.3,62.2,59.236,20.1,44.9,30.06864574,0
198712,48.7,55.2,55,14,46.9,70.1,62,58.975,19.8,44.7,29.02552109,0
198711,48.7,55.2,54.9,13.9,46.9,70.1,62,58.9098,19.6,44.6,28.75804897,0
198710,48.6,55.3,54.7,13.8,46.7,69.9,61.9,58.9098,19.3,44.5,28.39674186,0
198709,48.5,55.4,54.5,13.6,46.5,69.6,61.8,58.8446,19,44.1,27.98761134,0
198708,48.3,55.7,54.5,13.4,46.4,69.7,61.8,58.9098,18.8,43.8,27.40808772,0
198707,48,55.5,54.4,13.2,46.2,69.5,61.6,58.975,18.5,43.7,27.50010456,0
198706,47.9,55.2,54.1,13.1,46.3,69.5,61.5,58.975,18.4,43.6,28.05383414,0
198705,47.7,54.7,54,13,46.3,69.2,61.3,58.9098,18.3,43.4,27.88819648,0
198704,47.5,54.6,53.6,12.9,46.2,69.6,61.2,58.9098,18.1,43.2,27.76412524,0
198703,47.3,54.5,53.3,12.7,45.7,69.5,60.9,58.7793,17.8,43.1,27.73587374,0
198702,47.1,54.3,53.2,12.5,45.6,69.4,60.8,58.7793,17.5,43,27.40009302,0
198701,46.9,54.4,52.9,12.3,45.4,69.2,60.7,58.7141,17.4,42.7,27.51019738,0
198612,46.6,54.3,52.8,12.2,45.2,68.8,60.2,58.3879,17,42.5,26.65337106,0
198611,46.6,54.3,52.7,12,45.1,68.7,60.1,58.3227,16.8,42.3,26.55406183,0
198610,46.5,54.4,52.5,11.9,44.7,68.5,60,58.3879,16.4,42.1,26.41557382,0
198609,46.5,54.4,52.1,11.8,44.6,68.5,59.9,58.5836,16,41.9,25.98664006,0
198608,46.3,54.4,52.1,11.5,44.4,68.4,59.7,58.5184,15.7,41.8,25.33094983,0
198607,46.2,54.2,52.1,11.4,44.3,68.3,59.6,58.7141,15.5,41.7,25.51030107,0
198606,46.2,54.2,51.7,11.2,44.4,68.6,59.5,58.9098,15.5,41.7,26.02396488,0
198605,45.9,54,51.6,11,44.4,68.6,59.3,58.9098,15.3,41.6,25.91839821,0
198604,45.8,54.1,51.3,11,44.4,68.8,59.2,58.9098,15.1,41.4,26.02073594,0
198603,45.9,54.2,51.3,10.9,43.9,68.8,59,58.9098,14.7,41.3,26.21538161,0
198602,46.1,54.3,51.1,10.7,43.9,68.8,58.8,59.1055,14.4,41.1,25.99629319,0
198601,46.2,54.2,50.9,10.6,43.7,68.8,59,59.1707,14.2,41,26.17525916,0
198512,46.1,53.7,50.6,10.3,43.6,68.8,58.9,58.975,14.4,40.8,0,0
198511,46,53.6,50.4,10.1,43.5,68.8,58.8,58.9098,14.2,40.6,0,0
198510,45.9,53.5,50.3,10,43.4,68.3,58.7,58.8446,14.2,40.2,0,0
198509,45.7,53.5,50.1,9.8,43.3,68.1,58.6,58.7793,13.4,39.8,0,0
198508,45.6,53.5,50,9.7,43.4,67.9,58.5,58.7141,13,39.6,0,0
198507,45.5,53.4,50,9.6,43.2,67.9,58.4,58.9098,12.6,39.5,0,0
198506,45.4,53.4,49.8,9.6,43.3,68.1,58.2,58.9098,9.9,39.4,0,0
198505,45.3,53.2,49.5,9.4,43.2,68.1,58,58.9098,8.6,39.2,0,0
198504,45.1,53.3,49.4,9.3,43,68.1,57.7,58.9098,8.1,38.9,0,0
198503,44.9,53.2,49.1,9.1,42.1,68.2,57.3,58.8446,6.8,38.7,0,0
198502,44.7,53,49.1,9.1,41.7,67.8,56.9,58.6488,5.9,38.3,0,0
198501,44.5,52.7,48.7,8.8,41.4,67.3,56.6,58.3879,5.2,37.9,0,0
198412,44.4,52.3,48.5,8.7,41.3,66.6,56.3,58.0617,5,37.5,0,0
198411,44.4,52.2,48.5,8.6,41.3,66.7,56.2,57.9965,4.8,37.2,0,0
198410,44.4,52.1,48.3,8.6,41.2,66.3,56,57.9312,4,36.9,0,0
198409,44.3,52,48.1,8.4,40.9,65.9,55.6,57.605,3.2,36.6,0,0
198408,44.1,52.1,48,8.4,40.8,65.9,55.4,57.5398,2.7,36.3,0,0
198407,43.9,51.6,48,8.3,40.5,65.7,55.1,57.6703,2.3,36.1,0,0
198406,43.8,51.7,47.9,8.2,40.5,65.8,54.7,57.7355,2,36,0,0
198405,43.6,51.3,47.6,8.1,40.4,65.6,54.4,57.5398,1.8,35.8,0,0
198404,43.5,51.4,47.6,8,40.2,65.8,54.1,57.4746,1.6,35.6,0,0
198403,43.3,51.4,47.4,7.9,39.7,65.7,53.8,57.4093,1.3,35.3,0,0
198402,43.2,51.2,47.3,7.8,39.6,65.2,53.4,57.3441,1.2,35.1,0,0
198401,43,51,47.1,7.7,39.4,65,53.1,57.1484,1.1,34.7,0,0
198312,42.7,49.8,46.8,7.7,39.5,64.8,52.7,56.9527,0.9,34.2,0,0
198311,42.7,49.6,46.7,7.7,39.3,64.7,52.6,56.8222,0.8,34.1,0,0
198310,42.6,49.5,46.7,7.6,39.2,64.3,52.3,56.6917,0.7,33.7,0,0
198309,42.5,49.2,46.4,7.5,39.1,64.2,51.9,56.6917,0.6,33.2,0,0
198308,42.3,49.2,46.4,7.5,38.9,64.1,51.5,56.5612,0.5,32.8,0,0
198307,42.1,48.9,46.1,7.4,38.7,63.9,51.2,56.3655,0.5,32.6,0,0
198306,42,48.6,45.9,7.3,38.5,64,50.8,56.1698,0.5,32.4,0,0
198305,41.9,48.4,45.4,7.3,38.4,63.8,50.5,55.9741,0.5,32.2,0,0
198304,41.6,48.5,45.4,7.3,38.3,63.7,50.2,55.8436,0.4,31.9,0,0
198303,41.3,48.6,45.4,7.2,37.7,63.5,49.5,55.7132,0.4,31.6,0,0
198302,41.3,48.5,44.9,7.1,37.7,63.4,49.1,55.7132,0.4,31.3,0,0
198301,41.3,48.3,44.6,7,37.5,63.3,48.7,55.7132,0.3,30.9,0,0
198212,41.2,47.9,44.7,6.9,37.5,63.4,48.3,55.4522,0.3,30.5,0,0
198211,41.3,47.8,44.7,6.9,37.5,63.6,47.9,55.3217,0.3,30.2,0,0
198210,41.4,47.8,44.5,6.9,37.3,63.4,47.4,55.1912,0.3,29.8,0,0
198209,41.3,47.7,44.2,6.8,37.2,63.3,47.2,54.9303,0.3,29.3,0,0
198208,41.2,47.6,43.9,6.7,37.2,63,47,54.7346,0.2,28.9,0,0
198207,41.1,47.6,43.8,6.6,37.2,62.5,46.8,54.7998,0.2,28.4,0,0
198206,40.9,47.5,43.5,6.5,37.2,62.3,46.7,54.7346,0.2,28,0,0
198205,40.4,47.2,43.1,6.5,37.1,61.7,46.4,54.1474,0.2,27.7,0,0
198204,40,47.1,42.5,6.4,36.8,61,46,53.756,0.2,27.4,0,0
198203,39.9,46.9,42.3,6.3,36.1,60.6,45.5,53.5603,0.2,27.2,0,0
198202,39.9,46.5,41.7,6.2,35.8,60.5,44.9,53.5603,0.2,27,0,0
198201,39.8,46.4,41.2,6.1,35.7,60.4,44.5,53.4951,0.1,26.6,0,0
198112,39.7,45.8,40.9,6.1,35.5,60.1,44,53.0384,0.1,26.2,0,0
198111,39.5,45.6,40.8,6.1,35.3,60.1,43.7,52.9079,0.1,25.9,0,0
198110,39.4,45.7,40.5,6,35,59.8,43.4,52.647,0.1,25.5,0,0
198109,39.3,45.4,40.1,6,34.6,60,42.8,52.386,0.1,25,0,0
198108,38.9,45.3,39.7,5.8,34.4,59.9,42.3,52.1251,0.1,24.7,0,0
198107,38.6,45.1,39.4,5.7,34.2,59,41.8,51.9946,0.1,24.5,0,0
198106,38.2,44.8,39.1,5.6,34,58.7,41.1,51.6684,0.1,24.3,0,0
198105,37.9,44.5,38.5,5.6,33.8,58.3,40.7,51.4727,0.1,24,0,0
198104,37.6,44.6,38.2,5.5,33.6,57.8,40.4,51.2117,0.1,23.7,0,0
198103,37.3,44.3,37.9,5.5,32.7,57.9,39.8,50.9508,0.1,23.4,0,0
198102,37.1,43.9,37.5,5.5,32.2,57.5,39.4,50.5593,0.1,23,0,0
198101,36.7,43.7,37.1,5.4,31.9,57,39.1,50.1679,0.1,22.6,0,0
198012,36.4,43,36.5,5.4,31.7,56.4,38.6,49.7113,0.1,22.2,0,0
198011,36.1,42.7,36.3,5.3,31.5,56.2,38.3,49.3198,0.1,22.2,0,0
198010,35.8,42.6,35.9,5.2,31.3,55.7,38,48.9936,0.1,21.8,0,0
198009,35.4,42.5,35.6,5.2,31.1,55.8,37.6,48.9284,0.1,21.4,0,0
198008,35.1,42.6,35.3,5,30.9,55.7,37.3,48.9284,0,21,0,0
198007,34.9,42.3,34.9,5,30.8,55.4,36.9,48.8632,0,20.7,0,0
198006,34.9,42.1,34.7,4.9,30.6,55.2,36.4,48.7979,0,20.4,0,0
198005,34.5,41.7,34.3,4.8,30.3,55,36.1,48.6674,0,20.2,0,0
198004,34.2,41.5,33.9,4.8,30,54.7,35.8,48.4065,0,20,0,0
198003,33.8,41.3,33.7,4.7,29,54.4,35.4,48.1455,0,19.7,0,0
198002,33.3,41.2,33.4,4.7,28.6,54.3,35,47.9498,0,19.5,0,0
198001,32.8,40.8,33,4.6,28.2,54.2,34.6,47.3627,0,19.1,0,0
197912,32.4,40.3,32.9,4.6,27.6,54,34,47.1017,0,18.6,0,0
197911,32,40.1,32.7,4.6,27.4,53.9,33.7,46.9713,0,18.2,0,0
197910,31.7,39.9,32.4,4.6,27.1,53.7,33.5,46.7103,0,18,0,0
197909,31.5,39.7,32.2,4.6,26.8,53.8,33.1,46.6451,0,17.6,0,0
197908,31.1,39.7,31.8,4.5,26.6,53.5,32.8,46.4494,0,17.2,0,0
197907,30.8,39.7,31.8,4.5,26.4,53.6,32.5,46.3841,0,17,0,0
197906,30.5,39.4,31.5,4.3,25.3,53.4,32.1,46.1232,0,16.8,0,0
197905,30.2,39.2,31.4,4.2,24.8,52.7,31.8,45.8622,0,16.7,0,0
197904,29.8,39.2,31.1,4.2,24.7,52.5,31.5,45.7318,0,16.5,0,0
197903,29.4,39.1,30.8,4.2,24.2,52.4,31.1,45.536,0,16.3,0,0
197902,29.2,39.1,30.5,4.1,24,52.1,30.9,45.2751,0,16.1,0,0
197901,28.8,38.9,30.1,4.1,23.8,51.6,30.7,45.1446,0,15.9,0,0
197812,28.6,38.5,29.9,4,23.5,51.4,30.4,44.688,0,15.6,0,0
197811,28.4,38.4,29.9,4,23.3,51.3,30.2,44.5575,0,15.5,0,0
197810,28.3,38.4,29.7,4,23.1,51.2,30.1,44.427,0,15.4,0,0
197809,28.1,38.3,29.3,4,23,51.3,29.8,44.3618,0,15.2,0,0
197808,27.8,38.5,29.4,4,22.9,51.4,29.6,44.427,0,15,0,0
197807,27.7,38.2,29.3,3.9,22.8,51.4,29.4,44.4922,0,14.9,0,0
197806,27.5,38.1,28.9,3.8,22.7,51.4,29.1,44.5575,0,14.8,0,0
197805,27.2,38,28.7,3.8,22.5,51.3,28.9,44.427,0,14.7,0,0
197804,27,37.9,28.3,3.8,22.4,51.2,28.6,44.3618,0,14.6,0,0
197803,26.7,37.8,28.2,3.7,22.1,51.1,28.3,44.166,0,14.4,0,0
197802,26.5,37.7,28,3.7,21.9,51.1,28,44.0356,0,14.3,0,0
197801,26.4,37.5,27.7,3.7,21.8,51,27.8,43.9051,0,14.1,0,0
197712,26.2,37.2,27.6,3.6,21.7,51,27.7,43.5789,0,14,0,0
197711,26.1,37.1,27.4,3.6,21.6,50.9,27.6,43.4484,0,13.9,0,0
197710,26,37.2,27.3,3.6,21.5,51,27.5,43.3832,0,13.8,0,0
197709,25.9,37.1,27,3.5,21.4,50.9,27.3,43.3832,0,13.6,0,0
197708,25.8,37.1,26.8,3.5,21.3,50.8,27.1,43.318,0,13.4,0,0
197707,25.7,37.1,26.8,3.5,21.2,50.8,26.9,43.318,0,13.3,0,0
197706,25.6,37,26.5,3.4,21.1,50.8,26.7,43.3832,0,13.2,0,0
197705,25.4,36.6,26.4,3.4,20.9,50.5,26.5,43.1875,0,13.1,0,0
197704,25.3,36.5,26.1,3.4,20.7,50.5,26.2,43.057,0,13,0,0
197703,25.1,36.4,25.9,3.4,20.2,50.4,25.9,42.8613,0,12.8,0,0
197702,24.9,36.3,25.6,3.3,20,50.5,25.7,42.7961,0,12.7,0,0
197701,24.7,36.1,25.4,3.3,19.8,50.5,25.5,42.6003,0,12.4,0,0
197612,24.6,35.7,25.2,3.3,19.3,50.4,25.4,42.1437,0,12.3,0,0
197611,24.5,35.5,25.1,3.2,19.1,50.3,25.3,42.0132,0,12.3,0,0
197610,24.4,35.4,25,3.2,18.8,50.2,25.1,41.8827,0,12,0,0
197609,24.3,35.3,24.9,3.2,18.5,50.1,24.9,41.8175,0,11.7,0,0
197608,24.2,35.3,24.7,3.2,18.2,50.2,24.6,41.7522,0,11.5,0,0
197607,24.1,34.9,24.7,3.1,18,50,24.4,41.6218,0,11.3,0,0
197606,24,35,24.6,3.1,18,49.9,24.2,41.687,0,11.3,0,0
197605,23.8,34.6,24.4,3.1,17.9,49.8,24.1,41.6218,0,11.2,0,0
197604,23.7,34.6,24.3,3.1,17.7,49.9,24,41.5565,0,11,0,0
197603,23.6,34.4,24.2,3,17.3,49.9,23.7,41.3608,0,10.7,0,0
197602,23.5,34.1,24.1,3,17.2,50,23.5,41.2303,0,10.5,0,0
197601,23.5,33.8,23.9,2.9,17,50,23.4,40.9694,0,10.3,0,0
197512,23.4,33.3,23.9,2.9,16.8,49.8,23.1,40.6432,0,10.2,0,0
197511,23.3,33.1,23.8,2.9,16.6,49.8,23,40.5127,0,10.1,0,0
197510,23.2,33.1,23.5,2.9,16.4,49.7,22.9,40.3822,0,10,0,0
197509,23,32.9,23.4,2.9,16.2,49.6,22.7,40.317,0,9.9,0,0
197508,22.9,32.9,23.3,2.9,16,49.4,22.5,40.1213,0,9.8,0,0
197507,22.9,32.7,23.1,2.9,15.9,49.3,22.3,40.1865,0,9.7,0,0
197506,22.6,32.5,22.8,2.8,15.8,49.4,22.2,40.1865,0,9.7,0,0
197505,22.4,32.2,22.5,2.8,15.5,49.2,22,39.8603,0,9.6,0,0
197504,22.3,32.1,22.3,2.8,14.9,48.8,21.9,39.6646,0,9.5,0,0
197503,22.2,31.9,22.1,2.7,14.3,48.7,21.7,39.3384,0,9.4,0,0
197502,22.2,31.8,22,2.7,14,48.5,21.5,39.1427,0,9.4,0,0
197501,22,31.5,21.8,2.7,13.8,48.4,21.3,38.947,0,9.3,0,0
197412,21.9,31.2,21.8,2.6,13.5,48.1,21.1,38.5556,0,9.2,0,0
197411,21.7,31,21.6,2.6,13.3,48,20.9,38.4903,0,9.1,0,0
197410,21.6,30.7,21.4,2.6,13,47.4,20.7,38.2294,0,8.9,0,0
197409,21.3,30.3,21.2,2.6,12.8,47.1,20.5,37.9684,0,8.7,0,0
197408,21.1,30.2,21,2.5,12.6,46.3,20.3,37.9032,0,8.5,0,0
197407,20.8,30.1,20.8,2.5,12.6,45.9,20.1,37.838,0,8.3,0,0
197406,20.7,30,20.6,2.5,12.5,45.7,19.9,37.7075,0,8.2,0,0
197405,20.5,29.6,20.5,2.4,12.4,45.5,19.6,37.577,0,8,0,0
197404,20.3,29.6,20.1,2.4,12.2,44.7,19.4,37.3813,0,7.9,0,0
197403,20.2,29.2,19.9,2.4,11.8,45,19.1,37.1203,0,7.8,0,0
197402,19.9,29,19.7,2.3,11.7,44.8,18.9,37.0551,0,7.6,0,0
197401,19.7,28.8,19.5,2.3,11.5,45.1,18.6,36.7289,0,7.5,0,0
197312,19.5,28.4,19.4,2.3,11.3,44.7,18.3,36.468,0,7.3,0,0
197311,19.4,28.3,19.3,2.3,11.2,44.1,18.2,36.1418,0,7.2,0,0
197310,19.2,27.9,19.1,2.3,11.1,43.2,18,35.6851,0,7.2,0,0
197309,19.1,27.5,19,2.3,10.9,42.3,17.9,35.4242,0,7.1,0,0
197308,19,27.5,19,2.3,10.8,41.9,17.7,35.4242,0,7.1,0,0
197307,18.7,27.3,18.7,2.3,10.8,41.8,17.6,35.4242,0,7,0,0
197306,18.6,27.2,18.5,2.2,10.7,41.7,17.4,35.2937,0,7,0,0
197305,18.5,27,18.3,2.2,10.7,41.4,17.3,35.098,0,6.9,0,0
197304,18.4,26.9,18.3,2.2,10.6,41.1,17.1,34.837,0,6.8,0,0
197303,18.3,26.8,18,2.2,10.4,41,17,34.6413,0,6.7,0,0
197302,18.1,26.8,18,2.1,10.3,40.7,16.9,34.3804,0,6.7,0,0
197301,18,26.7,17.9,2.1,10.3,40.4,16.9,34.1847,0,6.6,0,0
197212,17.9,26.3,17.7,2.1,10.2,40,16.9,33.7932,0,6.5,0,0
197211,17.9,26.2,17.6,2.1,10.2,39.8,16.8,33.6627,0,6.5,0,0
197210,17.8,26.1,17.6,2.1,10.1,39.4,16.7,33.467,0,6.5,0,0
197209,17.8,25.8,17.6,2.1,10,39.1,16.6,33.3366,0,6.4,0,0
197208,17.7,25.7,17.5,2.1,9.9,38.7,16.4,33.0104,0,6.3,0,0
197207,17.7,25.5,17.4,2,9.9,38.6,16.4,33.0104,0,6.3,0,0
197206,17.6,25.4,17.1,2,9.8,38.5,16.2,32.7494,0,6.3,0,0
197205,17.6,25,17.1,2,9.8,38.3,16.1,32.6189,0,6.2,0,0
197204,17.5,25,17.1,2,9.7,37.9,16.1,32.6189,0,6.2,0,0
197203,17.5,24.9,17.1,2,9.6,37.9,16,32.4885,0,6.2,0,0
197202,17.4,24.8,17,2,9.6,37.8,15.9,32.2928,0,6.1,0,0
197201,17.3,24.7,16.9,2,9.5,37.6,15.8,32.1623,0,6.1,0,0
197112,17.3,24.5,16.8,2,9.5,37.4,15.8,31.7708,0,6.1,0,0
197111,17.3,24.4,16.8,2,9.4,37.2,15.7,31.6404,0,6.1,0,0
197110,17.3,24.4,16.8,2,9.4,36.7,15.7,31.5751,0,6,0,0
197109,17.2,24.3,16.7,1.9,9.3,36.6,15.6,31.4447,0,6,0,0
197108,17.2,24.2,16.8,1.9,9.3,36.3,15.5,31.3794,0,6,0,0
197107,17.2,24,16.6,1.9,9.3,36.3,15.4,31.3794,0,6,0,0
197106,17.1,23.9,16.4,1.9,9.3,36.1,15.4,31.2489,0,5.9,0,0
197105,17,23.6,16.4,1.9,9.2,36.1,15.3,31.1185,0,5.9,0,0
197104,16.9,23.6,16.4,1.9,9.1,35.7,15.2,31.0532,0,5.9,0,0
197103,16.9,23.5,16.2,1.9,8.9,35.7,15.1,30.8575,0,5.9,0,0
197102,16.8,23.5,16.2,1.8,8.9,35.4,15.1,30.727,0,5.9,0,0
197101,16.8,23.4,16.1,1.8,8.8,35.3,15,30.4661,0,5.8,0,0
197012,16.8,23.3,16,1.8,8.7,35.1,14.9,30.1399,0,5.8,0,0
197011,16.7,23.2,16.1,1.8,8.6,34.9,14.9,29.9442,0,5.8,0,0
197010,16.6,23.1,16.1,1.8,8.6,34.5,14.8,29.8137,0,5.7,0,0
197009,16.5,23,16.1,1.8,8.5,34.3,14.7,29.6832,0,5.7,0,0
197008,16.5,23,16.2,1.8,8.4,34.1,14.7,29.6832,0,5.7,0,0
197007,16.5,23,16.2,1.8,8.5,34,14.6,29.6832,0,5.7,0,0
197006,16.4,22.9,16,1.8,8.4,33.9,14.6,29.6832,0,5.7,0,0
197005,16.3,22.6,16,1.8,8.4,33.7,14.5,29.618,0,5.7,0,0
197004,16.2,22.5,16,1.8,8.3,33.4,14.5,29.618,0,5.6,0,0
197003,16.1,22.5,16,1.7,8.2,33.4,14.4,29.4875,0,5.6,0,0
197002,16,22.5,16,1.7,8.2,33.4,14.4,29.357,0,5.6,0,0
197001,15.9,22.5,16,1.7,8.1,33.4,14.3,29.2918,0,5.5,0,0
